ref_no,image,image_id,id
126621,https://img.chrono24.com/images/uhren/41733762-ymplrs4pr9ycphs7t9u95fad-ExtraLarge.jpg,35670,108
126621,https://img.chrono24.com/images/uhren/41733762-d7oxycaz8mnd0uik6c7nd253-ExtraLarge.jpg,35670,109
126621,https://img.chrono24.com/images/uhren/45511577-mznbjy9ih7becdg9iud3pu1b-Square360.jpg,35670,110
126621,https://img.chrono24.com/images/uhren/45857404-c82o5aqc0ohaenp7sse5lyps-Square360.jpg,35670,111
126621,https://img.chrono24.com/images/uhren/45790657-lzwhzjdpyoa5lhm0mlt8l7fa-Square360.jpg,35670,112
126621,https://img.chrono24.com/images/uhren/36527376-dhn1jp219izyhrglbk6uhgfj-Square360.jpg,35670,113
126621,https://img.chrono24.com/images/uhren/szng7y1pp3kx-hipp4ra9lheqenst7unat4d2-Square360.jpg,35670,114
126621,https://img.chrono24.com/images/uhren/u0h3j8o7esl2-45csopbvcxhlqj8e6sexfii1-Square360.jpg,35670,115
126621,https://img.chrono24.com/images/uhren/45655072-8oc9y7b2e9aue8fptcdoh13g-Square360.jpg,35670,116
126621,https://img.chrono24.com/images/uhren/43864759-kzl13ve9o232pm080kq5o4av-Square360.jpg,35670,117
126621,https://img.chrono24.com/images/uhren/45755405-byk7izwhoji678tsstufjpgw-Square360.jpg,35670,118
126621,https://img.chrono24.com/images/uhren/45761893-4vmmej9tu81xkrpi6xl00cvo-Square360.jpg,35670,119
126621,https://img.chrono24.com/images/uhren/45687014-crfve0v4jvcmkwf28c8mwcky-Square360.jpg,35670,120
126621,https://img.chrono24.com/images/uhren/45545117-7v07z7giedp92sdyiagasiza-Square360.jpg,35670,121
126621,https://img.chrono24.com/images/uhren/45522177-dqfrezyhfi22hqntvz446vud-Square360.jpg,35670,122
126621,https://img.chrono24.com/images/uhren/41733762-ymplrs4pr9ycphs7t9u95fad-Square360.jpg,35670,123
126621,https://img.chrono24.com/images/uhren/44855031-773t104karq7oe6lhr90a4kn-Square360.jpg,35670,124
126621,https://img.chrono24.com/images/uhren/44356633-7nf945y7my9r2x3anafe2tf5-Square360.jpg,35670,125
126621,https://img.chrono24.com/images/uhren/23654845-qiz6w8f23vrkchrgolkdzat6-Square360.jpg,35670,126
126621,https://img.chrono24.com/images/uhren/45457032-tnw1m02izrk6446c5efxrvvq-Square360.jpg,35670,127
126621,https://img.chrono24.com/images/uhren/42573384-zzr57a7135c7gimksyxdlwmq-Square360.jpg,35670,128
126621,https://img.chrono24.com/images/uhren/19833501-78vjq36iesi5jw64a29juxev-Square360.jpg,35670,129
126621,https://img.chrono24.com/images/uhren/43509242-n5x2dnah7mj3mj8ymv4gvlg6-Square360.jpg,35670,130
126621,https://img.chrono24.com/images/uhren/eefyb61ydyb9-8lggn02gql6cwalgjksr51ux-Square360.jpg,35670,131
126621,https://img.chrono24.com/images/uhren/21578937-rwzzu2b20vfsekcq615lqtis-Square360.jpg,35670,132
126621,https://img.chrono24.com/images/uhren/41804067-fejhg4wxeop1bhpvw5b17gge-Square360.jpg,35670,133
126621,https://img.chrono24.com/images/uhren/45521776-86uolysqi9fdzuboo0boeows-Square360.jpg,35670,134
126621,https://img.chrono24.com/images/uhren/38635227-xafr2dfm4tcjiruqhe23le7a-Square360.jpg,35670,135
126621,https://img.chrono24.com/images/uhren/45537884-knue9hoomcl2kq1jvq7iaxgs-Square360.jpg,35670,136
126621,https://img.chrono24.com/images/uhren/45493324-ds10j4qk6g0paffyczmfvl43-Square360.jpg,35670,137
126621,https://img.chrono24.com/images/uhren/45522342-sjqbgs2itf0er87fevst38fl-Square360.jpg,35670,138
126621,https://img.chrono24.com/images/uhren/38635202-ssu95btyy5u5ioukim2hpmp0-Square360.jpg,35670,139
126621,https://img.chrono24.com/images/uhren/27335276-qfbq3jdyovcakbfb30w0rfjj-Square360.jpg,35670,140
126621,https://img.chrono24.com/images/uhren/27909058-tbisnrnuqopsgb4uiam085i9-Square360.jpg,35670,141
126621,https://img.chrono24.com/images/uhren/43248868-e9jnloyeodm1yssnngvnm5dm-Square360.jpg,35670,142
126621,https://img.chrono24.com/images/uhren/14989066-1flnz47byr900tawoi3sd4tq-Square360.jpg,35670,143
126621,https://img.chrono24.com/images/uhren/22503178-to1b7iq8y7m00ffr9k6kfj3u-Square360.jpg,35670,144
126621,https://img.chrono24.com/images/uhren/43470112-iiithdcmc3s9u9wqxyuzrkd5-Square360.jpg,35670,145
126621,https://img.chrono24.com/images/uhren/45511577-mznbjy9ih7becdg9iud3pu1b-Square360.jpg,35670,146
224270,https://img.chrono24.com/images/uhren/41758864-4oxy5cjwp024w54qf5hdap35-Square360.jpg,35672,147
224270,https://img.chrono24.com/images/uhren/43106468-6vy3jml1lp7nb30af5eocne5-Square360.jpg,35672,148
224270,https://img.chrono24.com/images/uhren/45891365-tcdczqwjomgtjohuilgrycpd-Square360.jpg,35672,149
224270,https://img.chrono24.com/images/uhren/45872400-n59wt9tucj36aooiyyxzm777-Square360.jpg,35672,150
224270,https://img.chrono24.com/images/uhren/43426284-oudkv0mnv1yxcj27y1jy4dut-Square360.jpg,35672,151
224270,https://img.chrono24.com/images/uhren/43229371-1lf6208w292n85y70w598zbe-Square360.jpg,35672,152
224270,https://img.chrono24.com/images/uhren/45705462-m11eswvxbw5rf35xx6dowg6r-Square360.jpg,35672,153
224270,https://img.chrono24.com/images/uhren/42801885-77erdh4e8rr4k62eo3y8oysd-Square360.jpg,35672,154
224270,https://img.chrono24.com/images/uhren/gqidhtoot621-sh5898xrtqre6xn6q6o9mxb9-Square360.jpg,35672,155
224270,https://img.chrono24.com/images/uhren/45392192-ast6hroyphqzvj42tueza0vx-Square360.jpg,35672,156
224270,https://img.chrono24.com/images/uhren/45496480-aiaw5cvuk34mtfx4nde65ohs-Square360.jpg,35672,157
224270,https://img.chrono24.com/images/uhren/45741637-8wlb7febqzjwk5mvglegi3wk-Square360.jpg,35672,158
224270,https://img.chrono24.com/images/uhren/45459001-kzsndhr8k0ee9lf9a815na6s-Square360.jpg,35672,159
224270,https://img.chrono24.com/images/uhren/efzjjjt08tfx-qw3yjgy353b69ed8iy6j80xy-Square360.jpg,35672,160
224270,https://img.chrono24.com/images/uhren/j2eohg5pazgg-sycvgwbwgmihtreiwqoyov33-Square360.jpg,35672,161
224270,https://img.chrono24.com/images/uhren/41297341-7hfq43pp24nrl9evjhns1kvj-Square360.jpg,35672,162
224270,https://img.chrono24.com/images/uhren/45837080-t69j050rhw9swxwv4uo80mse-Square360.jpg,35672,163
224270,https://img.chrono24.com/images/uhren/z323dee21wkk-tf7ac9nrlz4ss5n9pvwkdsye-Square360.jpg,35672,164
224270,https://img.chrono24.com/images/uhren/33816607-rdpn9tsdusdwdayv1yy7m9iq-Square360.jpg,35672,165
224270,https://img.chrono24.com/images/uhren/38392178-a9tg2cdo3dxrszzbv4s9zfxs-Square360.jpg,35672,166
224270,https://img.chrono24.com/images/uhren/44471683-e9p6b1be1fe8lsa8g2vmxu6z-Square360.jpg,35672,167
224270,https://img.chrono24.com/images/uhren/29379181-dttrab5j0x59o20jpxy2uz8o-Square360.jpg,35672,168
224270,https://img.chrono24.com/images/uhren/45662124-fk4clt9qnn3tr8x3t3oe0tsi-Square360.jpg,35672,169
224270,https://img.chrono24.com/images/uhren/m2tkiwgcmahd-awn6r0cicfjfxbuqtprxm796-Square360.jpg,35672,170
224270,https://img.chrono24.com/images/uhren/45481525-ub7uhgc9ewa7awd4zhefg9gh-Square360.jpg,35672,171
224270,https://img.chrono24.com/images/uhren/45598465-tyeym2srxonm1hl36dm8y6z6-Square360.jpg,35672,172
224270,https://img.chrono24.com/images/uhren/44717509-idvq0qgl7yjevim5r5k99j1u-Square360.jpg,35672,173
224270,https://img.chrono24.com/images/uhren/43426284-oudkv0mnv1yxcj27y1jy4dut-Square360.jpg,35672,174
224270,https://img.chrono24.com/images/uhren/44056907-ojw8vlvsq8xhaan7rc7fo135-Square360.jpg,35672,175
224270,https://img.chrono24.com/images/uhren/ryyu1sf5blkg-1vomk938cfylf353ah6udidc-Square360.jpg,35672,176
224270,https://img.chrono24.com/images/uhren/45630988-4edws9hktdhv8d5vmc9sfnvy-Square360.jpg,35672,177
224270,https://img.chrono24.com/images/uhren/43443092-drmxcc4wa6e99pq9knsd694x-Square360.jpg,35672,178
224270,https://img.chrono24.com/images/uhren/45392192-ast6hroyphqzvj42tueza0vx-Square360.jpg,35672,179
224270,https://img.chrono24.com/images/uhren/43722125-ihncqpy2o9p5358tyzqlnyd5-Square360.jpg,35672,180
224270,https://img.chrono24.com/images/uhren/45896961-kin0yxr8yua77ltf1ll2rah3-Square360.jpg,35672,181
224270,https://img.chrono24.com/images/uhren/45896961-kin0yxr8yua77ltf1ll2rah3-Square360.jpg,35672,182
224270,https://img.chrono24.com/images/uhren/n1dkq65tpjc9-s94h14nb5kwqlrh1c02v198t-Square360.jpg,35672,183
224270,https://img.chrono24.com/images/uhren/42332154-jjm5tt6dwx3a16ktz95ugsst-Square360.jpg,35672,184
224270,https://img.chrono24.com/images/uhren/gw8yph9m2eej-0ojiiozdhgd80008ptgi8l2d-Square360.jpg,35672,185
224270,https://img.chrono24.com/images/uhren/45541043-qsmi5z1denkilmu03jkwy9ha-Square360.jpg,35672,186
268622,https://img.chrono24.com/images/uhren/45891058-9cad5hfurx9zqloxnlk3quyl-Square360.jpg,35677,187
268622,https://img.chrono24.com/images/uhren/44041826-dk9gs2uiijpouagxoyksis7m-Square360.jpg,35677,188
268622,https://img.chrono24.com/images/uhren/43892072-tw8h6bu5aab4x7jpsg0l0lw3-Square360.jpg,35677,189
268622,https://img.chrono24.com/images/uhren/44394705-pfmhyuoac6rouckgz4ozyldk-Square360.jpg,35677,190
268622,https://img.chrono24.com/images/uhren/45612480-zj68cv17o3sanvxnpge9m5jw-Square360.jpg,35677,191
268622,https://img.chrono24.com/images/uhren/45612480-zj68cv17o3sanvxnpge9m5jw-Square360.jpg,35677,192
268622,https://img.chrono24.com/images/uhren/40858063-tw5w0o6a21hh3d3yvyiqfkfp-Square360.jpg,35677,193
268622,https://img.chrono24.com/images/uhren/45105212-zsaqp6ova208vcjzlq0flt1u-Square360.jpg,35677,194
268622,https://img.chrono24.com/images/uhren/43868281-j59lmmr4g76f0h7nrqbkcq4v-Square360.jpg,35677,195
268622,https://img.chrono24.com/images/uhren/45509309-j2ciy5l8d47v7s67ew9516dc-Square360.jpg,35677,196
268622,https://img.chrono24.com/images/uhren/45368550-5dg3d1xs08qe9hc29b8tuykx-Square360.jpg,35677,197
268622,https://img.chrono24.com/images/uhren/45877942-3t6i92qtp43fmhqv1m25qvqj-Square360.jpg,35677,198
268622,https://img.chrono24.com/images/uhren/44283782-t1xvyixd6t7xeaqvnqr9zwaz-Square360.jpg,35677,199
268622,https://img.chrono24.com/images/uhren/43184943-xy2iarg30wxnhc10l83fdn4h-Square360.jpg,35677,200
268622,https://img.chrono24.com/images/uhren/30722379-j5jxd7xxekim4v25hyprh5mi-Square360.jpg,35677,201
268622,https://img.chrono24.com/images/uhren/36774517-0bbos0jt909wib0of0w1gcf9-Square360.jpg,35677,202
268622,https://img.chrono24.com/images/uhren/43740752-396a4fgpc3r0hukasp3splhy-Square360.jpg,35677,203
268622,https://img.chrono24.com/images/uhren/42672099-vdrg9nfb1vfr59lw294g2dzc-Square360.jpg,35677,204
268622,https://img.chrono24.com/images/uhren/45563611-t5fte2vva2627e493oiv3hsd-Square360.jpg,35677,205
268622,https://img.chrono24.com/images/uhren/44972411-ib1vabbmq9gimf0hzhsoh4fn-Square360.jpg,35677,206
268622,https://img.chrono24.com/images/uhren/45321071-kpnyw18b6o0d2g1dk020qs9l-Square360.jpg,35677,207
268622,https://img.chrono24.com/images/uhren/42573445-4781a72g4fkmjttj781he4b8-Square360.jpg,35677,208
268622,https://img.chrono24.com/images/uhren/25000217-vbggnehb517swfrs2lxu2gvm-Square360.jpg,35677,209
268622,https://img.chrono24.com/images/uhren/jelq357fi0rb-41lnucap0axc10ry19ji01m3-Square360.jpg,35677,210
268622,https://img.chrono24.com/images/uhren/40971877-ck1pgbnmnbc9eru2efux81qc-Square360.jpg,35677,211
268622,https://img.chrono24.com/images/uhren/45538589-dqz03vhtt8o179sdnjt1mjsp-Square360.jpg,35677,212
268622,https://img.chrono24.com/images/uhren/45521444-efduu9lm30bbx4fdzbvtk6jg-Square360.jpg,35677,213
268622,https://img.chrono24.com/images/uhren/pko7j4z78phd-wb3mwnn6ma3ri5letebw1u3x-Square360.jpg,35677,214
268622,https://img.chrono24.com/images/uhren/45597985-suzmjnehoxnkf7gigubs9alq-Square360.jpg,35677,215
268622,https://img.chrono24.com/images/uhren/38635577-6x4kdf1215ia7vcfwju998pe-Square360.jpg,35677,216
268622,https://img.chrono24.com/images/uhren/45036262-to3phanpup28l3y9n7p6jdgq-Square360.jpg,35677,217
268622,https://img.chrono24.com/images/uhren/32505520-gdj2rvp41aq6pgqiumag0th2-Square360.jpg,35677,218
268622,https://img.chrono24.com/images/uhren/45082365-955cko4l19ji2o0uu8epwnwe-Square360.jpg,35677,219
268622,https://img.chrono24.com/images/uhren/23654046-d8809gnlyqfhldgfaowh409s-Square360.jpg,35677,220
268622,https://img.chrono24.com/images/uhren/26328299-jnaphjdf9w23ghc3cy7cud18-Square360.jpg,35677,221
268622,https://img.chrono24.com/images/uhren/5061956-iizdxatunjfe0xay70wjklg6-Square360.jpg,35677,222
268622,https://img.chrono24.com/images/uhren/26328299-jnaphjdf9w23ghc3cy7cud18-Square360.jpg,35677,223
268622,https://img.chrono24.com/images/uhren/18880913-ixkz5lz9k6k88khw3gvl6yru-Square360.jpg,35677,224
268622,https://img.chrono24.com/images/uhren/43740752-396a4fgpc3r0hukasp3splhy-Square360.jpg,35677,225
268622,https://img.chrono24.com/images/uhren/45563611-t5fte2vva2627e493oiv3hsd-Square360.jpg,35677,226
126200,https://img.chrono24.com/images/uhren/44704570-llmspqdtpwyf6a0gxj4ts3k3-Square360.jpg,35720,227
126200,https://img.chrono24.com/images/uhren/ckt7hsmllhe7-23ntjo1t0wsoydhi8g7dyrw1-Square360.jpg,35720,228
126200,https://img.chrono24.com/images/uhren/jw7c4t1etqrj-p3h82yeumh3p562xy200p6yn-Square360.jpg,35720,229
126200,https://img.chrono24.com/images/uhren/43610331-8mf687moqser5tunhlxhlwqw-Square360.jpg,35720,230
126200,https://img.chrono24.com/images/uhren/45644647-z1vy1v6kk2qh2jln2ahn8ica-Square360.jpg,35720,231
126200,https://img.chrono24.com/images/uhren/45869890-kpmghjc95au3g0sqgno2f0cv-Square360.jpg,35720,232
126200,https://img.chrono24.com/images/uhren/26225954-dkgabbvk28usvxa61nborli9-Square360.jpg,35720,233
126200,https://img.chrono24.com/images/uhren/23737990-e7dql92q5ffr8corzxekevd6-Square360.jpg,35720,234
126200,https://img.chrono24.com/images/uhren/44815568-15sphxvmtjjs5jedpgoh21su-Square360.jpg,35720,235
126200,https://img.chrono24.com/images/uhren/jci8xe1cw6em-xwriej5eugoqb85v0tit6ywc-Square360.jpg,35720,236
126200,https://img.chrono24.com/images/uhren/45069061-kd7ittfz7e6dwnnmo30evu5x-Square360.jpg,35720,237
126200,https://img.chrono24.com/images/uhren/45404874-rxfjgfsccop4zu19399uldzb-Square360.jpg,35720,238
126200,https://img.chrono24.com/images/uhren/45184779-cplml77brlgl0xjouumbl25n-Square360.jpg,35720,239
126200,https://img.chrono24.com/images/uhren/l0pgz5t00gzl-5sjbysd275mfyn8xdnp0e0rj-Square360.jpg,35720,240
126200,https://img.chrono24.com/images/uhren/43532577-cnkfgnqijkfmj5b7tdp5hj71-Square360.jpg,35720,241
126200,https://img.chrono24.com/images/uhren/44603036-oj96t3r42vqlknuq8a5pb0l2-Square360.jpg,35720,242
126200,https://img.chrono24.com/images/uhren/44893992-s07ld9mp4egbr51rb6sbrmai-Square360.jpg,35720,243
126200,https://img.chrono24.com/images/uhren/37195491-awugydju6780k6gjdqsbwudd-Square360.jpg,35720,244
126200,https://img.chrono24.com/images/uhren/45326586-hhfr87hyfom7y2bda5noxu7i-Square360.jpg,35720,245
126200,https://img.chrono24.com/images/uhren/45314962-cc5wds0vmy0b4s1981b48f3m-Square360.jpg,35720,246
126200,https://img.chrono24.com/images/uhren/45088105-sc92p3231981rc1w86e59630-Square360.jpg,35720,247
126200,https://img.chrono24.com/images/uhren/44672948-pl5arywzahnz0mpbim18hnnz-Square360.jpg,35720,248
126200,https://img.chrono24.com/images/uhren/45756667-3ribao09983magu3dyuthu23-Square360.jpg,35720,249
126200,https://img.chrono24.com/images/uhren/45108572-wqevxwytt37weieh81r30n2s-Square360.jpg,35720,250
126200,https://img.chrono24.com/images/uhren/26225917-msqnk2ztcfsq8ypmvn75rd6z-Square360.jpg,35720,251
126200,https://img.chrono24.com/images/uhren/44476903-kzdlig5publkrt5hn8q96xty-Square360.jpg,35720,252
126200,https://img.chrono24.com/images/uhren/42711472-3tmzje910vpuxoe5l3t3d4hq-Square360.jpg,35720,253
126200,https://img.chrono24.com/images/uhren/44009854-ku4oc1q2tirpudm2awph3uz0-Square360.jpg,35720,254
126200,https://img.chrono24.com/images/uhren/42409880-m042y5pf52vbwkdvsqgi5ubi-Square360.jpg,35720,255
126200,https://img.chrono24.com/images/uhren/43659951-0rlbfojfvgdt2f9oeg09vi0e-Square360.jpg,35720,256
126200,https://img.chrono24.com/images/uhren/26225954-dkgabbvk28usvxa61nborli9-Square360.jpg,35720,257
126200,https://img.chrono24.com/images/uhren/25845432-nsdeym2cruyky0ek95rznkbd-Square360.jpg,35720,258
126200,https://img.chrono24.com/images/uhren/25822187-cm3o2mvyaljpol4tl55xpsty-Square360.jpg,35720,259
126200,https://img.chrono24.com/images/uhren/13324589-k1u40ti9nv2ac7htcwu5yjfl-Square360.jpg,35720,260
126200,https://img.chrono24.com/images/uhren/44593014-c9csv6bjzvkzqsxwkz2c8wft-Square360.jpg,35720,261
126200,https://img.chrono24.com/images/uhren/42956877-3n5iat7aev4cy9iz0nd9mtn9-Square360.jpg,35720,262
126200,https://img.chrono24.com/images/uhren/44704068-ok787iwcob2g8kk3gomkxwx8-Square360.jpg,35720,263
126200,https://img.chrono24.com/images/uhren/43243287-z9sm9ee53x689u1r0iib5jty-Square360.jpg,35720,264
126200,https://img.chrono24.com/images/uhren/44603036-oj96t3r42vqlknuq8a5pb0l2-Square360.jpg,35720,265
126200,https://img.chrono24.com/images/uhren/25402427-w0q3henr0ohcp6rb5x9u7nrp-Square360.jpg,35720,266
126200,https://img.chrono24.com/images/uhren/44390538-p1hlebnqbqeu1apymrlmzd99-Square360.jpg,35720,267
126200,https://img.chrono24.com/images/uhren/44592991-a1hdjekuxnars4l6eqrzejx5-Square360.jpg,35720,268
126200,https://img.chrono24.com/images/uhren/44592991-a1hdjekuxnars4l6eqrzejx5-Square360.jpg,35720,269
126200,https://img.chrono24.com/images/uhren/41730870-thmjxmwy1x5zf78zsxfsc4an-Square360.jpg,35720,270
126200,https://img.chrono24.com/images/uhren/26225954-dkgabbvk28usvxa61nborli9-Square360.jpg,35720,271
126200,https://img.chrono24.com/images/uhren/22430946-azcvn1cd3ksby7mswjbvb2oq-Square360.jpg,35720,272
126200,https://img.chrono24.com/images/uhren/45511227-36u289kfb16dwlawqvarvdxu-Square360.jpg,35720,273
126200,https://img.chrono24.com/images/uhren/44893997-ybt9ds8cl8zxmn8a9vymtwpy-Square360.jpg,35720,274
126200,https://img.chrono24.com/images/uhren/34144485-jeewqlvz4ad7h96sjzdopsq0-Square360.jpg,35720,275
126200,https://img.chrono24.com/images/uhren/39256011-tk9gzwx059m9o2q3kahnswy4-Square360.jpg,35720,276
126200,https://img.chrono24.com/images/uhren/39255915-wsxf6ft9geqgkp915ahunca3-Square360.jpg,35720,277
126200,https://img.chrono24.com/images/uhren/44603036-oj96t3r42vqlknuq8a5pb0l2-Square360.jpg,35720,278
126200,https://img.chrono24.com/images/uhren/41149246-zfebry5miylxu7ymhbznidbn-Square360.jpg,35720,279
126200,https://img.chrono24.com/images/uhren/45466823-sj0v93yq19m9k2r1bobvt0p0-Square360.jpg,35720,280
126200,https://img.chrono24.com/images/uhren/41149246-zfebry5miylxu7ymhbznidbn-Square360.jpg,35720,281
126200,https://img.chrono24.com/images/uhren/44597766-hed6by99qz5kbajxlrxt02bs-Square360.jpg,35720,282
126200,https://img.chrono24.com/images/uhren/42723456-yh5ofacwdxl1jsa8o94o2inc-Square360.jpg,35720,283
126200,https://img.chrono24.com/images/uhren/45751893-jnpyb2sjmgazzj9ten5wp0ug-Square360.jpg,35720,284
126200,https://img.chrono24.com/images/uhren/44906727-akdy7qezrhgvduugfxraiz1m-Square360.jpg,35720,285
126200,https://img.chrono24.com/images/uhren/43767942-dxt6ge9f5j3ydb5ocuce76o9-Square360.jpg,35720,286
126200,https://img.chrono24.com/images/uhren/45678647-prgahp3b7zmijqk4jd1d288j-Square360.jpg,35720,287
126200,https://img.chrono24.com/images/uhren/38391153-ij7nlryg0yfs9qd2mbi3hqwb-Square360.jpg,35720,288
126200,https://img.chrono24.com/images/uhren/42057073-u89rgofcf8s1lur5o0wgfrcc-Square360.jpg,35720,289
126200,https://img.chrono24.com/images/uhren/45146429-rcluuxr1d4y1sw3jauejz6jg-Square360.jpg,35720,290
126200,https://img.chrono24.com/images/uhren/8s2vpm92d885-h4m5169yzskhl26lunem9679-Square360.jpg,35720,291
126200,https://img.chrono24.com/images/uhren/44895858-kdnwyby1nnfmxrvnrkovh4m4-Square360.jpg,35720,292
126200,https://img.chrono24.com/images/uhren/43250264-3yddu2mv1t7ha57v1qgkb488-Square360.jpg,35720,293
126200,https://img.chrono24.com/images/uhren/44372026-o6no6dip73pthzeqzotito24-Square360.jpg,35720,294
126200,https://img.chrono24.com/images/uhren/45439564-n7p5mw10awsrna97idont48f-Square360.jpg,35720,295
126200,https://img.chrono24.com/images/uhren/44567641-q5sfpfof3w5fkr5e7posldqy-Square360.jpg,35720,296
126200,https://img.chrono24.com/images/uhren/45814972-xi7h1fc0njhawbm2ssqauk1p-Square360.jpg,35720,297
126200,https://img.chrono24.com/images/uhren/43718709-zjsctfovo7cx6je3l082jl54-Square360.jpg,35720,298
126200,https://img.chrono24.com/images/uhren/2bv6w6q6q3r7-dq07k18f21ojwchb2e5eqfd1-Square360.jpg,35720,299
126200,https://img.chrono24.com/images/uhren/43203617-dj6t5mprkaki4cxzkfchzymp-Square360.jpg,35720,300
126200,https://img.chrono24.com/images/uhren/25139805-j7aur37sjisggptqsplvsvjo-Square360.jpg,35720,301
126200,https://img.chrono24.com/images/uhren/43574414-317pp29arne53rlhqr5tl59t-Square360.jpg,35720,302
126200,https://img.chrono24.com/images/uhren/44616136-bd93zsmszxer6kj56q5n3dgx-Square360.jpg,35720,303
126200,https://img.chrono24.com/images/uhren/45818007-8d59oe3gk1qs86v58qyylplu-Square360.jpg,35720,304
126200,https://img.chrono24.com/images/uhren/43203586-tvzmue8zrnejasmxc440lycm-Square360.jpg,35720,305
126200,https://img.chrono24.com/images/uhren/44020401-bws3j06c63tvksyw6cyoksc7-Square360.jpg,35720,306
126200,https://img.chrono24.com/images/uhren/8pjgb95zoqcm-k4fwqylch1em2x8cfy0w0ad2-Square360.jpg,35720,307
126200,https://img.chrono24.com/images/uhren/45653786-zmrmxk384tp0gyrnc8m99pql-Square360.jpg,35720,308
126200,https://img.chrono24.com/images/uhren/wpqbpokbu7jo-ou90czrnbjtdp0i1kls579j3-Square360.jpg,35720,309
126200,https://img.chrono24.com/images/uhren/44487950-ttcvya71vvuuwylrm24lgj0q-Square360.jpg,35720,310
126200,https://img.chrono24.com/images/uhren/qerjqnlecekw-rj8kce9ygcq12ywr67qa1wqo-Square360.jpg,35720,311
126200,https://img.chrono24.com/images/uhren/26225804-b84iryf8f8vds0whb0wjlb5e-Square360.jpg,35720,312
126200,https://img.chrono24.com/images/uhren/45817988-wia28klz40n97933e7twtgvo-Square360.jpg,35720,313
126200,https://img.chrono24.com/images/uhren/45816317-eh1qpk7famz2giwl8t6bbnnx-Square360.jpg,35720,314
126200,https://img.chrono24.com/images/uhren/pib6a8jiji2b-uz03jemo9enjuln5thnxlgmg-Square360.jpg,35720,315
126200,https://img.chrono24.com/images/uhren/44752216-dwq8v8efmvxcdq8q7maw1jjj-Square360.jpg,35720,316
126200,https://img.chrono24.com/images/uhren/43819255-mkc0cc9ev3qkw7fs5ctt4s5n-Square360.jpg,35720,317
126200,https://img.chrono24.com/images/uhren/43758339-0dcl12ah9u1208yacg5p95ke-Square360.jpg,35720,318
126200,https://img.chrono24.com/images/uhren/45818020-nfo0b4tcn8ws4r3z87wi1ys7-Square360.jpg,35720,319
126200,https://img.chrono24.com/images/uhren/45388817-g3kg9hb3uoa6s5mmlyj8dr08-Square360.jpg,35720,320
126200,https://img.chrono24.com/images/uhren/43863762-oaq9109k592j89z7oyev0q52-Square360.jpg,35720,321
126200,https://img.chrono24.com/images/uhren/26666267-051eckqonoq952boq8ntcnsr-Square360.jpg,35720,322
126200,https://img.chrono24.com/images/uhren/26666281-0bffzj0a3hp5nymafmmadz2s-Square360.jpg,35720,323
126200,https://img.chrono24.com/images/uhren/45429477-ew8l1m981xfiodod4yhe2xy1-Square360.jpg,35720,324
126200,https://img.chrono24.com/images/uhren/45451212-5z4mf35r9e7ahy151yinlylu-Square360.jpg,35720,325
126200,https://img.chrono24.com/images/uhren/45546631-22s4ydwqh1tdqfkyx2semrus-Square360.jpg,35720,326
126200,https://img.chrono24.com/images/uhren/44896780-58khgglwy72e7wdao729o2e6-Square360.jpg,35720,327
126200,https://img.chrono24.com/images/uhren/40122039-zfmd83qyar2i2yuv32vofzq4-Square360.jpg,35720,328
126200,https://img.chrono24.com/images/uhren/45265672-s2h7me74ayth6w9ulyjv73qi-Square360.jpg,35720,329
126200,https://img.chrono24.com/images/uhren/44738312-8vrl16blb4a1sle8lofmmupq-Square360.jpg,35720,330
126200,https://img.chrono24.com/images/uhren/40989154-1viqs0h4ejg9zpscg20lcmx1-Square360.jpg,35720,331
126200,https://img.chrono24.com/images/uhren/26666261-76xzejkj7lb3q789aefjoubg-Square360.jpg,35720,332
126200,https://img.chrono24.com/images/uhren/41931019-0uyjgbb9a73qct7y6e72smoh-Square360.jpg,35720,333
126200,https://img.chrono24.com/images/uhren/yaq1o5p2ln77-ujutlbz6h2kpkgnxrjptj6yl-Square360.jpg,35720,334
126200,https://img.chrono24.com/images/uhren/26666304-zb7bn5dhwtjgoiiha0u9mzch-Square360.jpg,35720,335
126200,https://img.chrono24.com/images/uhren/4a30gdyvm6zs-0evifxfu3qr1a8gvqq8blqln-Square360.jpg,35720,336
126200,https://img.chrono24.com/images/uhren/sl1sdf3gofko-kw31gmas5kybqd4qhrvmnfea-Square360.jpg,35720,337
126200,https://img.chrono24.com/images/uhren/26666243-ha1y872q76k6quu88axhggog-Square360.jpg,35720,338
126200,https://img.chrono24.com/images/uhren/26666295-50hdyymvvb8576l9ciidry00-Square360.jpg,35720,339
126200,https://img.chrono24.com/images/uhren/45507680-9tmvq00y4vg4akjrrxlg447e-Square360.jpg,35720,340
126200,https://img.chrono24.com/images/uhren/27972958-9uxrhih5i406gzmj0fhuky8l-Square360.jpg,35720,341
126200,https://img.chrono24.com/images/uhren/45265289-jwtjwxdlmu8uvzbdcoxq4qg7-Square360.jpg,35720,342
126200,https://img.chrono24.com/images/uhren/45370510-fp26wq3mi7b4c88kmffxgkat-Square360.jpg,35720,343
126200,https://img.chrono24.com/images/uhren/28429133-91v6z2qcj1hmbifr7bsroic0-Square360.jpg,35720,344
126200,https://img.chrono24.com/images/uhren/45265286-47fynjz2f85wtgv3qt45hd7g-Square360.jpg,35720,345
126200,https://img.chrono24.com/images/uhren/45264379-i0uof8b1o5xb1z6w0dujsevk-Square360.jpg,35720,346
126200,https://img.chrono24.com/images/uhren/45265018-r2eulas84jew36fl9efbrk16-Square360.jpg,35720,347
126200,https://img.chrono24.com/images/uhren/45228612-783ulkbh90e2sdcq9u5c9cfa-Square360.jpg,35720,348
126200,https://img.chrono24.com/images/uhren/45265475-tw056ug4qycnl2e8bxsuevpx-Square360.jpg,35720,349
126200,https://img.chrono24.com/images/uhren/19381294-mi9f1tzr7vc63gwwbmcsnqls-Square360.jpg,35720,350
126200,https://img.chrono24.com/images/uhren/25256814-lgwkedxsri4u22jm4eu230cp-Square360.jpg,35720,351
126200,https://img.chrono24.com/images/uhren/44898686-s7pgvf9k737gy0v8zya2316v-Square360.jpg,35720,352
126200,https://img.chrono24.com/images/uhren/45265449-a06azixzpnql1fjfyh44eq55-Square360.jpg,35720,353
126200,https://img.chrono24.com/images/uhren/28429062-nqz7be85hb2vlzryr5jvpq6e-Square360.jpg,35720,354
126200,https://img.chrono24.com/images/uhren/28428586-jy9wixlqwshmjulj3yu95nbm-Square360.jpg,35720,355
126200,https://img.chrono24.com/images/uhren/45265551-bv15002rrg4l18ecnf0rkr15-Square360.jpg,35720,356
126200,https://img.chrono24.com/images/uhren/19950985-9zc38op2m530u0iphta7jwee-Square360.jpg,35720,357
126200,https://img.chrono24.com/images/uhren/9qltfehxsial-a5ux9rmjdizo6yxws79k0bk1-Square360.jpg,35720,358
126200,https://img.chrono24.com/images/uhren/vr5bnehv34nq-ti5f82f5jsldces7w61xxrz2-Square360.jpg,35720,359
126200,https://img.chrono24.com/images/uhren/45265578-wbal5vtsf6mua32n3ylj58zm-Square360.jpg,35720,360
126200,https://img.chrono24.com/images/uhren/25748880-9x3d7l614vr2cxyjo82y8qk4-Square360.jpg,35720,361
126200,https://img.chrono24.com/images/uhren/44327381-f3ndb42cz0e3a25097i2m1v2-Square360.jpg,35720,362
126200,https://img.chrono24.com/images/uhren/45264431-2ejsxuri0wvklcct379vh1l7-Square360.jpg,35720,363
126200,https://img.chrono24.com/images/uhren/45265062-hfbf0ld383qiqaktw6r627nu-Square360.jpg,35720,364
126200,https://img.chrono24.com/images/uhren/39136582-fhqgott1jpfw0c8ecakdg1tp-Square360.jpg,35720,365
126200,https://img.chrono24.com/images/uhren/31zhh1t1c7ci-lruiixgvk0w8y8qy9uzh6r37-Square360.jpg,35720,366
126200,https://img.chrono24.com/images/uhren/22734876-d733i95qtdyxg165q2u425z1-Square360.jpg,35720,367
126200,https://img.chrono24.com/images/uhren/y9xtixkjox23-djg23l22ikns4qj3lhdemi4k-Square360.jpg,35720,368
126200,https://img.chrono24.com/images/uhren/38880587-dkcgpsl61l4c9x9l3xud8aty-Square360.jpg,35720,369
126200,https://img.chrono24.com/images/uhren/28918434-pbmivr63kq409hqsr4kf1a58-Square360.jpg,35720,370
126200,https://img.chrono24.com/images/uhren/45141233-jzkazbh0ve31svumxjv52icx-Square360.jpg,35720,371
126200,https://img.chrono24.com/images/uhren/28428754-86caj78vk8g9kon4fzkk0cfk-Square360.jpg,35720,372
126200,https://img.chrono24.com/images/uhren/32719241-tn4fedx68hiip8fwhvzegbsk-Square360.jpg,35720,373
126200,https://img.chrono24.com/images/uhren/45587254-j6cgsqrieh0w10a1420dorwt-Square360.jpg,35720,374
126200,https://img.chrono24.com/images/uhren/28428785-nizox5jzu1sis3ajkhk04plu-Square360.jpg,35720,375
126200,https://img.chrono24.com/images/uhren/35570932-mh2i8367oyj7d1etfxifscoz-Square360.jpg,35720,376
126200,https://img.chrono24.com/images/uhren/34193669-87ubvynryp37j1altaj259au-Square360.jpg,35720,377
126200,https://img.chrono24.com/images/uhren/28268205-sc3liwhba88cczf0wy6ljmq2-Square360.jpg,35720,378
126200,https://pub-1407f82391df4ab1951418d04be76914.r2.dev/uploads/e4eb245e-fe3b-4bf0-9ed2-988309575cf4.jpeg,35720,379
126200,https://pub-1407f82391df4ab1951418d04be76914.r2.dev/uploads/0a521cb7-acff-4839-a1d2-15105ddf172d.jpeg,35720,380
