sno,brand,model,reference,year,serial_number,price_usd,dial_color,case_material,case_diameter,movement_type,bracelet_color,bracelet_material,water_resistance,power_reserve,description,product_image_url,
1,Rolex,Rolex Yacht-Master 42,226627,2023,,16399.1,Black,Titanium,42 ,Automatic,Silver,Titanium,,70 h,,"https://media.rolex.com/image/upload/q_auto/f_auto/t_v7-cover-majesty-landscape/c_limit,w_1920/v1/a677b2c664f6/catalogue/2026/upright-c/m226627-0001",
6,Rolex,Rolex Yacht-Master 40,126621,2016,,15970.74,Chocolate,Gold/Steel,40 ,Automatic,Silver,Everose Rolesor,,48 h,,"https://media.rolex.com/image/upload/q_auto/f_auto/t_v7-cover-majesty-landscape/c_limit,w_1920/v1/a677b2c664f6/catalogue/2026/upright-c/m126621-0001",
17,Rolex,Rolex Yacht-Master 37,268622,2015,,1268.56,Black,Steel,37 ,Automatic,Silver,Oystersteel,,55 h,,"https://media.rolex.com/image/upload/q_auto/f_auto/t_v7/c_limit,w_1920/v1/a677b2c664f6/catalogue/2026/upright-c/m268622-0002",
24,Rolex,Land-Dweller 36,127234,2025,,15653.89,Intense white,White Rolesor,36,Self winding,Sliver,Steel,,66 h,,"https://media.rolex.com/image/upload/q_auto/f_auto/t_v7/c_limit,w_1920/v1/a677b2c664f6/catalogue/2026/upright-c/m127234-0001",
34,Rolex,Datejust 41,126334,2025,,11904.16,Bright blue,Oystersteel,41,Self winding,Oyster,Oystersteel,,70 h,,"https://media.rolex.com/image/upload/q_auto/f_auto/t_v7/c_limit,w_1920/v1/a677b2c664f6/catalogue/2026/upright-c/m126334-0022",
38,Rolex,,126710GRNR ,2024,,12003.88,Black,Steel,40 ,Automatic,Sliver,Oystersteel,,70 h,,"https://media.rolex.com/image/upload/q_auto/f_auto/t_v7/c_limit,w_1920/v1/a677b2c664f6/catalogue/2026/upright-c/m126710grnr-0003",
44,Rolex,Rolex Sky-Dweller,336934,2020,,18065.44,Black,Steel,42 ,Automatic,Silver,Oystersteel,,72 h,,"https://media.rolex.com/image/upload/q_auto/f_auto/t_v7/c_limit,w_1920/v1/a677b2c664f6/catalogue/2026/upright-c/m336934-0002",
60,Rolex,Daytona,126500ln,2026,,28390,Black,Steel,40,Automatic,Steel,Steel,,72 h,,"https://media.rolex.com/image/upload/q_auto/f_auto/t_v7-cover-majesty-landscape/c_limit,w_1920/v1/a677b2c664f6/catalogue/2026/upright-c/m126500ln-0001",
66,Rolex,Rolex Daytona,126509,2023,,55500,Silver,White gold,40 ,Automatic,Grey,White gold,,72 h,,"https://media.rolex.com/image/upload/q_auto/f_auto/t_v7-cover-majesty-landscape/c_limit,w_1920/v1/a677b2c664f6/catalogue/2026/upright-c/m126509-0005",
80,Rolex,Rolex GMT-Master II,126720VTNR ,2020,,15890,Black,Steel,40 ,Automatic,Steel,Steel,,70 h,,"https://media.rolex.com/image/upload/q_auto/f_auto/t_v7-cover-majesty-landscape/c_limit,w_1920/v1/a677b2c664f6/catalogue/2026/upright-c/m126720vtnr-0002",
89,Rolex,Daytona,126525LN ,2025,,205500,Black,Rose gold,,Automatic,Gold,Rose gold,,72 h,,https://d5ee3ksv7elb9.cloudfront.net/products/8b5c8849-902e-40aa-8c6c-25e7c4f9c651.JPG,No result Found
111,Rolex,GMT-Master II,126710GRNR,2025,,21150,Black,Steel Steel,40 ,Automatic,Steel,Steel Steel,,70,,"https://media.rolex.com/image/upload/q_auto/f_auto/t_v7-cover-majesty-landscape/c_limit,w_1920/v1/a677b2c664f6/catalogue/2026/upright-c/m126710grnr-0003",
112,Rolex,Submariner Date,126610LN,2023,,12900,Black,Steel Steel,41 ,Automatic,Steel,Steel Steel,,70,,"https://media.rolex.com/image/upload/q_auto/f_auto/t_v7-cover-majesty-landscape/c_limit,w_1920/v1/a677b2c664f6/catalogue/2026/upright-c/m126610ln-0001",
128,Rolex,GMT-Master II,116710BLNR,2016,,14499,Black,Steel Steel,40 ,Automatic,Steel,Steel Steel,,,,"https://media.rolex.com/image/upload/q_auto/f_auto/t_v7-cover-majesty-landscape/c_limit,w_1920/v1/a677b2c664f6/catalogue/2026/upright-c/m126710blnr-0003",
138,Rolex,Daytona,126515LN,2025,,82500,Meteorite,Rose gold Rose gold,40 ,Automatic,Black,Rubber Rubber,,72,,"https://media.rolex.com/image/upload/q_auto/f_auto/t_v7-cover-majesty-landscape/c_limit,w_1920/v1/a677b2c664f6/catalogue/2026/upright-c/m126515ln-0006",
153,Rolex,Datejust 41,126334-0013,2024,,14750,Grey Lines,Steel Steel,41 ,Automatic,Steel,Steel Steel,,70,,"https://media.rolex.com/image/upload/q_auto/f_auto/t_v7-cover-majesty-landscape/c_limit,w_1920/v1/a677b2c664f6/catalogue/2026/upright-c/m126334-0013",
154,Rolex,GMT-Master II,126729VTNR,2025,,36250,Green,White gold White gold,40 ,Automatic,,White gold White gold,,70,,"https://media.rolex.com/image/upload/q_auto/f_auto/t_v7-cover-majesty-landscape/c_limit,w_1920/v1/a677b2c664f6/catalogue/2026/upright-c/m126729vtnr-0001",
165,Rolex,Daytona,126500ln,2024,,38997,White,Steel Steel,40 ,Automatic,Steel,Steel Steel,,72,,"https://media.rolex.com/image/upload/q_auto/f_auto/t_v7-cover-majesty-landscape/c_limit,w_1920/v1/a677b2c664f6/catalogue/2026/upright-c/m126500ln-0001",
169,Rolex,Datejust 41,126334,2026,,17100,Green,Steel Steel,41 ,Automatic,Steel,Steel Steel,,70,,"https://media.rolex.com/image/upload/q_auto/f_auto/t_v7/c_limit,w_1920/v1/a677b2c664f6/catalogue/2026/upright-c/m126334-0028",
179,Rolex,Sky-Dweller,336935,2025,,68495,Blue,Rose gold Rose gold,42 ,Automatic,Gold,Rose gold Rose gold,,72,,"https://media.rolex.com/image/upload/q_auto/f_auto/t_v7/c_limit,w_1920/v1/a677b2c664f6/catalogue/2026/upright-c/m336935-0005",
,,,,,,,,,,,,,,,,,
,,,,,,,,,,,,,,,,,
,,,,,,,,,,,,,,,,,
6,Rolex,Rolex Yacht-Master 40,126621,2016,,15970.74,Chocolate,Gold/Steel,40 ,Automatic,Silver,Everose Rolesor,,48 h,,"https://media.rolex.com/image/upload/q_auto/f_auto/t_v7-cover-majesty-landscape/c_limit,w_1920/v1/a677b2c664f6/catalogue/2026/upright-c/m126621-0002",
60,Rolex,Daytona,126500ln,2026,,28390,Black,Steel,40,Automatic,Steel,Steel,,72 h,,"https://media.rolex.com/image/upload/q_auto/f_auto/t_v7-cover-majesty-landscape/c_limit,w_1920/v1/a677b2c664f6/catalogue/2026/upright-c/m126500ln-0002",
80,Rolex,Rolex GMT-Master II,126720VTNR ,2020,,15890,Black,Steel,40 ,Automatic,Steel,Steel,,70 h,,"https://media.rolex.com/image/upload/q_auto/f_auto/t_v7-cover-majesty-landscape/c_limit,w_1920/v1/a677b2c664f6/catalogue/2026/upright-c/m126720vtnr-0001",
111,Rolex,GMT-Master II,126710GRNR,2025,,21150,Black,Steel Steel,40 ,Automatic,Steel,Steel Steel,,70,,"https://media.rolex.com/image/upload/q_auto/f_auto/t_v7/c_limit,w_1920/v1/a677b2c664f6/catalogue/2026/upright-c/m126710grnr-0004",
165,Rolex,Daytona,126500ln,2024,,38997,White,Steel Steel,40 ,Automatic,Steel,Steel Steel,,72,,"https://media.rolex.com/image/upload/q_auto/f_auto/t_v7-cover-majesty-landscape/c_limit,w_1920/v1/a677b2c664f6/catalogue/2026/upright-c/m126500ln-0002",
179,Rolex,Sky-Dweller,336935,2025,,68495,Blue,Rose gold Rose gold,42 ,Automatic,Gold,Rose gold Rose gold,,72,,"https://media.rolex.com/image/upload/q_auto/f_auto/t_v7-cover-majesty-landscape/c_limit,w_1920/v1/a677b2c664f6/catalogue/2026/upright-c/m336935-0001",
179,Rolex,Sky-Dweller,336935,2025,,68495,Blue,Rose gold Rose gold,42 ,Automatic,Gold,Rose gold Rose gold,,72,,"https://media.rolex.com/image/upload/q_auto/f_auto/t_v7-cover-majesty-landscape/c_limit,w_1920/v1/a677b2c664f6/catalogue/2026/upright-c/m336935-0008",
179,Rolex,Sky-Dweller,336935,2025,,68495,Blue,Rose gold Rose gold,42 ,Automatic,Gold,Rose gold Rose gold,,72,,"https://media.rolex.com/image/upload/q_auto/f_auto/t_v7/c_limit,w_1920/v1/a677b2c664f6/catalogue/2026/upright-c/m336935-0004",
179,Rolex,Sky-Dweller,336935,2025,,68495,Blue,Rose gold Rose gold,42 ,Automatic,Gold,Rose gold Rose gold,,72,,"https://media.rolex.com/image/upload/q_auto/f_auto/t_v7-cover-majesty-landscape/c_limit,w_1920/v1/a677b2c664f6/catalogue/2026/upright-c/m336935-0002",
179,Rolex,Sky-Dweller,336935,2025,,68495,Blue,Rose gold Rose gold,42 ,Automatic,Gold,Rose gold Rose gold,,72,,"https://media.rolex.com/image/upload/q_auto/f_auto/t_v7-cover-majesty-landscape/c_limit,w_1920/v1/a677b2c664f6/catalogue/2026/upright-c/m336935-0007",
179,Rolex,Sky-Dweller,336935,2025,,68495,Blue,Rose gold Rose gold,42 ,Automatic,Gold,Rose gold Rose gold,,72,,"https://media.rolex.com/image/upload/q_auto/f_auto/t_v7-cover-majesty-landscape/c_limit,w_1920/v1/a677b2c664f6/catalogue/2026/upright-c/m336935-0006",
179,Rolex,Sky-Dweller,336935,2025,,68495,Blue,Rose gold Rose gold,42 ,Automatic,Gold,Rose gold Rose gold,,72,,"https://media.rolex.com/image/upload/q_auto/f_auto/t_v7-cover-majesty-landscape/c_limit,w_1920/v1/a677b2c664f6/catalogue/2026/upright-c/m336935-0003",
169,Rolex,Datejust 41,126334,2026,,17100,Green,Steel Steel,41 ,Automatic,Steel,Steel Steel,,70,,"https://media.rolex.com/image/upload/q_auto/f_auto/t_v7-cover-majesty-landscape/c_limit,w_1920/v1/a677b2c664f6/catalogue/2026/upright-c/m126334-0022",
169,Rolex,Datejust 41,126334,2026,,17100,Green,Steel Steel,41 ,Automatic,Steel,Steel Steel,,70,,"https://media.rolex.com/image/upload/q_auto/f_auto/t_v7-cover-majesty-landscape/c_limit,w_1920/v1/a677b2c664f6/catalogue/2026/upright-c/m126334-0028",
169,Rolex,Datejust 41,126334,2026,,17100,Green,Steel Steel,41 ,Automatic,Steel,Steel Steel,,70,,"https://media.rolex.com/image/upload/q_auto/f_auto/t_v7-cover-majesty-landscape/c_limit,w_1920/v1/a677b2c664f6/catalogue/2026/upright-c/m126334-0027",
169,Rolex,Datejust 41,126334,2026,,17100,Green,Steel Steel,41 ,Automatic,Steel,Steel Steel,,70,,"https://media.rolex.com/image/upload/q_auto/f_auto/t_v7-cover-majesty-landscape/c_limit,w_1920/v1/a677b2c664f6/catalogue/2026/upright-c/m126334-0014",
169,Rolex,Datejust 41,126334,2026,,17100,Green,Steel Steel,41 ,Automatic,Steel,Steel Steel,,70,,"https://media.rolex.com/image/upload/q_auto/f_auto/t_v7-cover-majesty-landscape/c_limit,w_1920/v1/a677b2c664f6/catalogue/2026/upright-c/m126334-0033",
169,Rolex,Datejust 41,126334,2026,,17100,Green,Steel Steel,41 ,Automatic,Steel,Steel Steel,,70,,"https://media.rolex.com/image/upload/q_auto/f_auto/t_v7-cover-majesty-landscape/c_limit,w_1920/v1/a677b2c664f6/catalogue/2026/upright-c/m126334-0011",
169,Rolex,Datejust 41,126334,2026,,17100,Green,Steel Steel,41 ,Automatic,Steel,Steel Steel,,70,,"https://media.rolex.com/image/upload/q_auto/f_auto/t_v7-cover-majesty-landscape/c_limit,w_1920/v1/a677b2c664f6/catalogue/2026/upright-c/m126334-0018",
169,Rolex,Datejust 41,126334,2026,,17100,Green,Steel Steel,41 ,Automatic,Steel,Steel Steel,,70,,"https://media.rolex.com/image/upload/q_auto/f_auto/t_v7-cover-majesty-landscape/c_limit,w_1920/v1/a677b2c664f6/catalogue/2026/upright-c/m126334-0015",
169,Rolex,Datejust 41,126334,2026,,17100,Green,Steel Steel,41 ,Automatic,Steel,Steel Steel,,70,,"https://media.rolex.com/image/upload/q_auto/f_auto/t_v7-cover-majesty-landscape/c_limit,w_1920/v1/a677b2c664f6/catalogue/2026/upright-c/m126334-0038",
169,Rolex,Datejust 41,126334,2026,,17100,Green,Steel Steel,41 ,Automatic,Steel,Steel Steel,,70,,"https://media.rolex.com/image/upload/q_auto/f_auto/t_v7-cover-majesty-landscape/c_limit,w_1920/v1/a677b2c664f6/catalogue/2026/upright-c/m126334-0003",
169,Rolex,Datejust 41,126334,2026,,17100,Green,Steel Steel,41 ,Automatic,Steel,Steel Steel,,70,,"https://media.rolex.com/image/upload/q_auto/f_auto/t_v7-cover-majesty-landscape/c_limit,w_1920/v1/a677b2c664f6/catalogue/2026/upright-c/m126334-0015",
169,Rolex,Datejust 41,126334,2026,,17100,Green,Steel Steel,41 ,Automatic,Steel,Steel Steel,,70,,"https://media.rolex.com/image/upload/q_auto/f_auto/t_v7-cover-majesty-landscape/c_limit,w_1920/v1/a677b2c664f6/catalogue/2026/upright-c/m126334-0012",
169,Rolex,Datejust 41,126334,2026,,17100,Green,Steel Steel,41 ,Automatic,Steel,Steel Steel,,70,,"https://media.rolex.com/image/upload/q_auto/f_auto/t_v7-cover-majesty-landscape/c_limit,w_1920/v1/a677b2c664f6/catalogue/2026/upright-c/m126334-0021",
169,Rolex,Datejust 41,126334,2026,,17100,Green,Steel Steel,41 ,Automatic,Steel,Steel Steel,,70,,"https://media.rolex.com/image/upload/q_auto/f_auto/t_v7-cover-majesty-landscape/c_limit,w_1920/v1/a677b2c664f6/catalogue/2026/upright-c/m126334-0017",
169,Rolex,Datejust 41,126334,2026,,17100,Green,Steel Steel,41 ,Automatic,Steel,Steel Steel,,70,,"src=""https://media.rolex.com/image/upload/q_auto/f_auto/t_v7-cover-majesty-landscape/c_limit,w_1920/v1/a677b2c664f6/catalogue/2026/upright-c/m126334-0035""",
169,Rolex,Datejust 41,126334,2026,,17100,Green,Steel Steel,41 ,Automatic,Steel,Steel Steel,,70,,"https://media.rolex.com/image/upload/q_auto/f_auto/t_v7-cover-majesty-landscape/c_limit,w_1920/v1/a677b2c664f6/catalogue/2026/upright-c/m126334-0001",
169,Rolex,Datejust 41,126334,2026,,17100,Green,Steel Steel,41 ,Automatic,Steel,Steel Steel,,70,,"https://media.rolex.com/image/upload/q_auto/f_auto/t_v7/c_limit,w_1920/v1/a677b2c664f6/catalogue/2026/upright-c/m126334-0010",
169,Rolex,Datejust 41,126334,2026,,17100,Green,Steel Steel,41 ,Automatic,Steel,Steel Steel,,70,,"https://media.rolex.com/image/upload/q_auto/f_auto/t_v7-cover-majesty-landscape/c_limit,w_1920/v1/a677b2c664f6/catalogue/2026/upright-c/m126334-0004",
169,Rolex,Datejust 41,126334,2026,,17100,Green,Steel Steel,41 ,Automatic,Steel,Steel Steel,,70,,"https://media.rolex.com/image/upload/q_auto/f_auto/t_v7-cover-majesty-landscape/c_limit,w_1920/v1/a677b2c664f6/catalogue/2026/upright-c/m126334-0036",
169,Rolex,Datejust 41,126334,2026,,17100,Green,Steel Steel,41 ,Automatic,Steel,Steel Steel,,70,,"https://media.rolex.com/image/upload/q_auto/f_auto/t_v7-cover-majesty-landscape/c_limit,w_1920/v1/a677b2c664f6/catalogue/2026/upright-c/m126334-0037",
169,Rolex,Datejust 41,126334,2026,,17100,Green,Steel Steel,41 ,Automatic,Steel,Steel Steel,,70,,"https://media.rolex.com/image/upload/q_auto/f_auto/t_v7-cover-majesty-landscape/c_limit,w_1920/v1/a677b2c664f6/catalogue/2026/upright-c/m126334-0006",
169,Rolex,Datejust 41,126334,2026,,17100,Green,Steel Steel,41 ,Automatic,Steel,Steel Steel,,70,,"https://media.rolex.com/image/upload/q_auto/f_auto/t_v7-cover-majesty-landscape/c_limit,w_1920/v1/a677b2c664f6/catalogue/2026/upright-c/m126334-0034",
169,Rolex,Datejust 41,126334,2026,,17100,Green,Steel Steel,41 ,Automatic,Steel,Steel Steel,,70,,"https://media.rolex.com/image/upload/q_auto/f_auto/t_v7-cover-majesty-landscape/c_limit,w_1920/v1/a677b2c664f6/catalogue/2026/upright-c/m126334-0013",
169,Rolex,Datejust 41,126334,2026,,17100,Green,Steel Steel,41 ,Automatic,Steel,Steel Steel,,70,,"https://media.rolex.com/image/upload/q_auto/f_auto/t_v7-cover-majesty-landscape/c_limit,w_1920/v1/a677b2c664f6/catalogue/2026/upright-c/m126334-0005",
169,Rolex,Datejust 41,126334,2026,,17100,Green,Steel Steel,41 ,Automatic,Steel,Steel Steel,,70,,"https://media.rolex.com/image/upload/q_auto/f_auto/t_v7/c_limit,w_1920/v1/a677b2c664f6/catalogue/2026/upright-c/m126334-0009",
138,Rolex,Daytona,126515LN,2025,,82500,Meteorite,Rose gold Rose gold,40 ,Automatic,Black,Rubber Rubber,,72,,"https://media.rolex.com/image/upload/q_auto/f_auto/t_v7-cover-majesty-landscape/c_limit,w_1920/v1/a677b2c664f6/catalogue/2026/upright-c/m126515ln-0010",
138,Rolex,Daytona,126515LN,2025,,82500,Meteorite,Rose gold Rose gold,40 ,Automatic,Black,Rubber Rubber,,72,,"https://media.rolex.com/image/upload/q_auto/f_auto/t_v7-cover-majesty-landscape/c_limit,w_1920/v1/a677b2c664f6/catalogue/2026/upright-c/m126515ln-0008",
138,Rolex,Daytona,126515LN,2025,,82500,Meteorite,Rose gold Rose gold,40 ,Automatic,Black,Rubber Rubber,,72,,"https://media.rolex.com/image/upload/q_auto/f_auto/t_v7-cover-majesty-landscape/c_limit,w_1920/v1/a677b2c664f6/catalogue/2026/upright-c/m126515ln-0002",
138,Rolex,Daytona,126515LN,2025,,82500,Meteorite,Rose gold Rose gold,40 ,Automatic,Black,Rubber Rubber,,72,,"https://media.rolex.com/image/upload/q_auto/f_auto/t_v7-cover-majesty-landscape/c_limit,w_1920/v1/a677b2c664f6/catalogue/2026/upright-c/m126515ln-0004",
66,Rolex,Rolex Daytona,126509,2023,,55500,Silver,White gold,40 ,Automatic,Grey,White gold,,72 h,,"https://media.rolex.com/image/upload/q_auto/f_auto/t_v7-cover-majesty-landscape/c_limit,w_1920/v1/a677b2c664f6/catalogue/2026/upright-c/m126509-0003",
66,Rolex,Rolex Daytona,126509,2023,,55500,Silver,White gold,40 ,Automatic,Grey,White gold,,72 h,,"https://media.rolex.com/image/upload/q_auto/f_auto/t_v7-cover-majesty-landscape/c_limit,w_1920/v1/a677b2c664f6/catalogue/2026/upright-c/m126509-0001",
66,Rolex,Rolex Daytona,126509,2023,,55500,Silver,White gold,40 ,Automatic,Grey,White gold,,72 h,,"https://media.rolex.com/image/upload/q_auto/f_auto/t_v7-cover-majesty-landscape/c_limit,w_1920/v1/a677b2c664f6/catalogue/2026/upright-c/m126509-0002",
44,Rolex,Rolex Sky-Dweller,336934,2020,,18065.44,Black,Steel,42 ,Automatic,Silver,Oystersteel,,72 h,,"https://media.rolex.com/image/upload/q_auto/f_auto/t_v7/c_limit,w_1920/v1/a677b2c664f6/catalogue/2026/upright-c/m336934-0002",
44,Rolex,Rolex Sky-Dweller,336934,2020,,18065.44,Black,Steel,42 ,Automatic,Silver,Oystersteel,,72 h,,"https://media.rolex.com/image/upload/q_auto/f_auto/t_v7-cover-majesty-landscape/c_limit,w_1920/v1/a677b2c664f6/catalogue/2026/upright-c/m336934-0006",
44,Rolex,Rolex Sky-Dweller,336934,2020,,18065.44,Black,Steel,42 ,Automatic,Silver,Oystersteel,,72 h,,"https://media.rolex.com/image/upload/q_auto/f_auto/t_v7-cover-majesty-landscape/c_limit,w_1920/v1/a677b2c664f6/catalogue/2026/upright-c/m336934-0005",
44,Rolex,Rolex Sky-Dweller,336934,2020,,18065.44,Black,Steel,42 ,Automatic,Silver,Oystersteel,,72 h,,"https://media.rolex.com/image/upload/q_auto/f_auto/t_v7-cover-majesty-landscape/c_limit,w_1920/v1/a677b2c664f6/catalogue/2026/upright-c/m336934-0008",
44,Rolex,Rolex Sky-Dweller,336934,2020,,18065.44,Black,Steel,42 ,Automatic,Silver,Oystersteel,,72 h,,"https://media.rolex.com/image/upload/q_auto/f_auto/t_v7-cover-majesty-landscape/c_limit,w_1920/v1/a677b2c664f6/catalogue/2026/upright-c/m336934-0001",
44,Rolex,Rolex Sky-Dweller,336934,2020,,18065.44,Black,Steel,42 ,Automatic,Silver,Oystersteel,,72 h,,"https://media.rolex.com/image/upload/q_auto/f_auto/t_v7/c_limit,w_1920/v1/a677b2c664f6/catalogue/2026/upright-c/m336934-0007",
44,Rolex,Rolex Sky-Dweller,336934,2020,,18065.44,Black,Steel,42 ,Automatic,Silver,Oystersteel,,72 h,,"https://media.rolex.com/image/upload/q_auto/f_auto/t_v7-cover-majesty-landscape/c_limit,w_1920/v1/a677b2c664f6/catalogue/2026/upright-c/m336934-0003",
44,Rolex,Rolex Sky-Dweller,336934,2020,,18065.44,Black,Steel,42 ,Automatic,Silver,Oystersteel,,72 h,,"https://media.rolex.com/image/upload/q_auto/f_auto/t_v7-cover-majesty-landscape/c_limit,w_1920/v1/a677b2c664f6/catalogue/2026/upright-c/m336934-0004",
38,Rolex,,126710GRNR ,2024,,12003.88,Black,Steel,40 ,Automatic,Sliver,Oystersteel,,70 h,,"https://media.rolex.com/image/upload/q_auto/f_auto/t_v7-cover-majesty-landscape/c_limit,w_1920/v1/a677b2c664f6/catalogue/2026/upright-c/m126710grnr-0004",
38,Rolex,,126710GRNR ,2024,,12003.88,Black,Steel,40 ,Automatic,Sliver,Oystersteel,,70 h,,"https://media.rolex.com/image/upload/q_auto/f_auto/t_v7-cover-majesty-landscape/c_limit,w_1920/v1/a677b2c664f6/catalogue/2026/upright-c/m126710blnr-0002",
38,Rolex,,126710GRNR ,2024,,12003.88,Black,Steel,40 ,Automatic,Sliver,Oystersteel,,70 h,,"https://media.rolex.com/image/upload/q_auto/f_auto/t_v7-cover-majesty-landscape/c_limit,w_1920/v1/a677b2c664f6/catalogue/2026/upright-c/m126710blnr-0003",
34,Rolex,Datejust 41,126334,2025,,11904.16,Bright blue,Oystersteel,41,Self winding,Oyster,Oystersteel,,70 h,,"https://media.rolex.com/image/upload/q_auto/f_auto/t_v7-cover-majesty-landscape/c_limit,w_1920/v1/a677b2c664f6/catalogue/2026/upright-c/m126334-0022",
34,Rolex,Datejust 41,126334,2025,,11904.16,Bright blue,Oystersteel,41,Self winding,Oyster,Oystersteel,,70 h,,"https://media.rolex.com/image/upload/q_auto/f_auto/t_v7-cover-majesty-landscape/c_limit,w_1920/v1/a677b2c664f6/catalogue/2026/upright-c/m126334-0028",
34,Rolex,Datejust 41,126334,2025,,11904.16,Bright blue,Oystersteel,41,Self winding,Oyster,Oystersteel,,70 h,,"https://media.rolex.com/image/upload/q_auto/f_auto/t_v7-cover-majesty-landscape/c_limit,w_1920/v1/a677b2c664f6/catalogue/2026/upright-c/m126334-0027",
34,Rolex,Datejust 41,126334,2025,,11904.16,Bright blue,Oystersteel,41,Self winding,Oyster,Oystersteel,,70 h,,"https://media.rolex.com/image/upload/q_auto/f_auto/t_v7-cover-majesty-landscape/c_limit,w_1920/v1/a677b2c664f6/catalogue/2026/upright-c/m126334-0014",
34,Rolex,Datejust 41,126334,2025,,11904.16,Bright blue,Oystersteel,41,Self winding,Oyster,Oystersteel,,70 h,,"https://media.rolex.com/image/upload/q_auto/f_auto/t_v7-cover-majesty-landscape/c_limit,w_1920/v1/a677b2c664f6/catalogue/2026/upright-c/m126334-0011",
34,Rolex,Datejust 41,126334,2025,,11904.16,Bright blue,Oystersteel,41,Self winding,Oyster,Oystersteel,,70 h,,"https://media.rolex.com/image/upload/q_auto/f_auto/t_v7-cover-majesty-landscape/c_limit,w_1920/v1/a677b2c664f6/catalogue/2026/upright-c/m126334-0018",
34,Rolex,Datejust 41,126334,2025,,11904.16,Bright blue,Oystersteel,41,Self winding,Oyster,Oystersteel,,70 h,,"https://media.rolex.com/image/upload/q_auto/f_auto/t_v7-cover-majesty-landscape/c_limit,w_1920/v1/a677b2c664f6/catalogue/2026/upright-c/m126334-0015",
34,Rolex,Datejust 41,126334,2025,,11904.16,Bright blue,Oystersteel,41,Self winding,Oyster,Oystersteel,,70 h,,"https://media.rolex.com/image/upload/q_auto/f_auto/t_v7-cover-majesty-landscape/c_limit,w_1920/v1/a677b2c664f6/catalogue/2026/upright-c/m126334-0012",
34,Rolex,Datejust 41,126334,2025,,11904.16,Bright blue,Oystersteel,41,Self winding,Oyster,Oystersteel,,70 h,,"https://media.rolex.com/image/upload/q_auto/f_auto/t_v7-cover-majesty-landscape/c_limit,w_1920/v1/a677b2c664f6/catalogue/2026/upright-c/m126334-0021",
34,Rolex,Datejust 41,126334,2025,,11904.16,Bright blue,Oystersteel,41,Self winding,Oyster,Oystersteel,,70 h,,"https://media.rolex.com/image/upload/q_auto/f_auto/t_v7-cover-majesty-landscape/c_limit,w_1920/v1/a677b2c664f6/catalogue/2026/upright-c/m126334-0017",
34,Rolex,Datejust 41,126334,2025,,11904.16,Bright blue,Oystersteel,41,Self winding,Oyster,Oystersteel,,70 h,,"https://media.rolex.com/image/upload/q_auto/f_auto/t_v7-cover-majesty-landscape/c_limit,w_1920/v1/a677b2c664f6/catalogue/2026/upright-c/m126334-0035",
34,Rolex,Datejust 41,126334,2025,,11904.16,Bright blue,Oystersteel,41,Self winding,Oyster,Oystersteel,,70 h,,"https://media.rolex.com/image/upload/q_auto/f_auto/t_v7-cover-majesty-landscape/c_limit,w_1920/v1/a677b2c664f6/catalogue/2026/upright-c/m126334-0006",
34,Rolex,Datejust 41,126334,2025,,11904.16,Bright blue,Oystersteel,41,Self winding,Oyster,Oystersteel,,70 h,,"https://media.rolex.com/image/upload/q_auto/f_auto/t_v7-cover-majesty-landscape/c_limit,w_1920/v1/a677b2c664f6/catalogue/2026/upright-c/m126334-0034",
34,Rolex,Datejust 41,126334,2025,,11904.16,Bright blue,Oystersteel,41,Self winding,Oyster,Oystersteel,,70 h,,"https://media.rolex.com/image/upload/q_auto/f_auto/t_v7-cover-majesty-landscape/c_limit,w_1920/v1/a677b2c664f6/catalogue/2026/upright-c/m126334-0013",
34,Rolex,Datejust 41,126334,2025,,11904.16,Bright blue,Oystersteel,41,Self winding,Oyster,Oystersteel,,70 h,,"https://media.rolex.com/image/upload/q_auto/f_auto/t_v7/c_limit,w_1920/v1/a677b2c664f6/catalogue/2026/upright-c/m126334-0005",
34,Rolex,Datejust 41,126334,2025,,11904.16,Bright blue,Oystersteel,41,Self winding,Oyster,Oystersteel,,70 h,,"https://media.rolex.com/image/upload/q_auto/f_auto/t_v7-cover-majesty-landscape/c_limit,w_1920/v1/a677b2c664f6/catalogue/2026/upright-c/m126334-0009",
,Rolex,Explorer 40,224270,2024,,"8,298.32",black,Oystersteel,40,Self winding,Oyster,Oystersteel,,,,"https://media.rolex.com/image/upload/q_auto/f_auto/t_v7-cover-majesty-landscape/c_limit,w_1920/v1/a677b2c664f6/catalogue/2026/upright-c/m224270-0001",
,Rolex,Explorer 40,224270,2024,,"8,298.32",black,Oystersteel,40,Self winding,Oyster,Oystersteel,,,,https://d5ee3ksv7elb9.cloudfront.net/user_documents/1776253061_15484.png,
,Rolex,Explorer 40,224270,2024,,"8,298.32",black,Oystersteel,40,Self winding,Oyster,Oystersteel,,,,https://d5ee3ksv7elb9.cloudfront.net/user_documents/1776253081_48320.png,
,Rolex,Yacht-Master 37,268622,,,"12,343.14",Slate,Oystersteel,37,self-winding,Oyster,Oystersteel,,,,"https://media.rolex.com/image/upload/q_auto/f_auto/t_v7-cover-majesty-landscape/c_limit,w_1920/v1/a677b2c664f6/catalogue/2026/upright-c/m268622-0002",
,Rolex,Yacht-Master 37,268622,,,"12,343.14",Slate,Oystersteel,37,self-winding,Oyster,Oystersteel,,,,https://d5ee3ksv7elb9.cloudfront.net/user_documents/1776253043_42200.png,
,Rolex,Yacht-Master 37,268622,,,"12,343.14",Slate,Oystersteel,37,self-winding,Oyster,Oystersteel,,,,https://d5ee3ksv7elb9.cloudfront.net/user_documents/1776253021_68331.png,
,,,,,,,,,,,,,,,,,
,,,,,,,,,,,,,,,,,
,,,,,,,,,,,,,,,,,
